review,cleaned_review,sentiment
Incredible film that showcases brilliant filmmaking and storytelling.,incredible film showcase brilliant filmmaking storytelling,1
Amazing movie that delivers on all fronts. Highly entertaining!,amazing movie delivers front highly entertaining,1
Fantastic film with incredible performances and a gripping narrative.,fantastic film incredible performance gripping narrative,1
Bad movie with poor direction and uninspiring performances.,bad movie poor direction uninspiring performance,0
Incredible film with stunning visuals and a compelling narrative.,incredible film stunning visuals compelling narrative,1
Incredible movie with amazing visuals and a captivating plot.,incredible movie amazing visuals captivating plot,1
Terrible film with poor editing and uninteresting story.,terrible film poor editing uninteresting story,0
Terrible film with boring dialogue and uninteresting characters.,terrible film boring dialogue uninteresting character,0
Awful film with bad character development and boring dialogue.,awful film bad character development boring dialogue,0
Outstanding film that kept me engaged from start to finish.,outstanding film kept engaged start finish,1
Awful film with terrible pacing and weak character development.,awful film terrible pacing weak character development,0
Amazing movie that exceeded all my expectations. Truly remarkable!,amazing movie exceeded expectation truly remarkable,1
Excellent film that combines great acting with a compelling story.,excellent film combine great acting compelling story,1
Bad film with poor character development and boring plot.,bad film poor character development boring plot,0
Awful movie with bad pacing and unconvincing characters.,awful movie bad pacing unconvincing character,0
Spectacular film with incredible attention to detail and superb acting.,spectacular film incredible attention detail superb acting,1
Perfect film with excellent character development and stunning visuals.,perfect film excellent character development stunning visuals,1
Poor movie with bad editing and unconvincing performances.,poor movie bad editing unconvincing performance,0
This movie was absolutely fantastic! The acting was superb and the plot was engaging throughout.,movie absolutely fantastic acting superb plot engaging throughout,1
Disappointing film with poor acting and confusing narrative.,disappointing film poor acting confusing narrative,0
Fantastic movie with great direction and amazing acting performances.,fantastic movie great direction amazing acting performance,1
Wonderful film with outstanding performances and beautiful storytelling.,wonderful film outstanding performance beautiful storytelling,1
Amazing cinematography and outstanding performances. A must-watch film!,amazing cinematography outstanding performance mustwatch film,1
Poor film with bad cinematography and unconvincing story.,poor film bad cinematography unconvincing story,0
Worst film I've ever seen. Awful direction and terrible performances.,worst film ive ever seen awful direction terrible performance,0
Brilliant storyline with excellent character development. Highly recommended!,brilliant storyline excellent character development highly recommended,1
Awful movie with terrible writing and lackluster performances.,awful movie terrible writing lackluster performance,0
Bad movie with boring plot and mediocre direction.,bad movie boring plot mediocre direction,0
One of the best movies I've ever seen. Perfect blend of action and emotion.,one best movie ive ever seen perfect blend action emotion,1
Poor film with terrible dialogue and weak performances.,poor film terrible dialogue weak performance,0
Disappointing film with lackluster acting and a confusing storyline.,disappointing film lackluster acting confusing storyline,0
Terrible movie with weak direction and unengaging storyline.,terrible movie weak direction unengaging storyline,0
Perfect movie with great pacing and excellent character development.,perfect movie great pacing excellent character development,1
Boring and predictable movie with weak characters and poor dialogue.,boring predictable movie weak character poor dialogue,0
Wonderful movie with great acting and an engaging storyline.,wonderful movie great acting engaging storyline,1
Terrible movie with poor acting and a boring plot. Complete waste of time.,terrible movie poor acting boring plot complete waste time,0
Excellent movie with wonderful character arcs and beautiful cinematography.,excellent movie wonderful character arc beautiful cinematography,1
Outstanding movie with superb direction and amazing cinematography.,outstanding movie superb direction amazing cinematography,1
Disappointing movie with weak plot and mediocre acting.,disappointing movie weak plot mediocre acting,0
Disappointing movie with weak acting and confusing plot.,disappointing movie weak acting confusing plot,0
